{"loss": 1.4139413833618164, "bbox_mse": 0.07243111729621887, "conf_bce": 0.6896299719810486}