{"loss": 1.410326600074768, "bbox_mse": 0.07188698649406433, "conf_bce": 0.6914567351341248}