{"loss": 1.413648009300232, "bbox_mse": 0.07253564894199371, "conf_bce": 0.6882915496826172}