{"loss": 1.4139273166656494, "bbox_mse": 0.07228925079107285, "conf_bce": 0.6910349726676941}